<!-- src/main/resources/logback-spring.xml -->
<configuration>
    <springProfile name="dev">
        <appender name="CONSOLE" class="ch.qos.logback.core.ConsoleAppender">
            <encoder>
                <pattern>%d{HH:mm:ss.SSS} [%thread] %-5level %logger{36} - %msg%n</pattern>
            </encoder>
        </appender>
        <root level="DEBUG">
            <appender-ref ref="CONSOLE" />
        </root>
    </springProfile>
    <springProfile name="prod">
        <appender name="FILE" class="ch.qos.logback.core.FileAppender">
            <file>logs/projectname.log</file>
            <encoder>
                <pattern>%d{HH:mm:ss.SSS} [%thread] %-5level %logger{36} - %msg%n</pattern>
            </encoder>
        </appender>
        <root level="INFO">
            <appender-ref ref="FILE" />
        </root>
    </springProfile>
</configuration>
